,rank,itemName,itemPrice
0,1,【公式・楽天限定】オープン記念キット UVイデア XL プロテクショントーンアップ / 30mL / 日焼け止め / UVケア / 化粧下地 / 花粉 / SPF 50+ / 送料無料 / 人気 / ラロッシュポゼ 正規品,3740
1,2,UVイデア XL プロテクショントーンアップ ローズ(30ml)【2sh24】【lvp】【ラ ロッシュ ポゼ】,3740
2,3,【クーポン発行中】[ローズ]ラロッシュポゼ UVイデアXL プロテクション トーンアップ ローズ(30ml) [SPF50+/PA++++ ラロッシュポゼ トーンアップ ローズ 化粧下地 日焼け止め uv 送料無料 正規品 ラロッシュ]■メール便商品■正規販売店,3640
3,4,【数量限定発売】資生堂 ANESSA（アネッサ）パーフェクトUV ミルクa ポケモン 60mL 1個 （ピカチュウ イーブイ ゼニガメ）日焼け止め 乳液 2021年 資生堂 最強UVなのにスキンケアまで スキンケアUVミルク,3280
4,5,【公式】UVイデア XL プロテクショントーンアップ / 30mL / ローズ / ホワイト / 無香料 / 日焼け止め / UVケア / 化粧下地 / 花粉 / SPF 50+ / 送料無料 / 人気 / ラロッシュポゼ 正規品,3740
5,6,ラロッシュポゼ UVイデアXL プロテクション トーンアップ 【限定キット】 ホワイト（色なし）or ローズ（ピンク色）にトレリアンローションミニとサンプル1包とミニ洗顔ソープ3個付き日焼け止め 化粧下地 乳液タイプ SPF50+ PA++++ 【コンビニ受取可】,3740
6,7,ラロッシュポゼ UVイデアXL プロテクション トーンアップ ローズ or ホワイト【選べる豪華セット】+トーンアップ サンプル2包さらに ミニ洗顔石けん3個+シャンプー1包+人気クリームセット日焼け止め 化粧下地 乳液 SPF50+ PA++++ 【メール便】,3740
7,8,【2021年 BIGサイズ 限定キット】 ラロッシュポゼ UVイデアXL プロテクション トーンアップ BIG 50mL選べる ホワイト（色なし）or ローズ トレリアンローションミニ＆ポイントケアクリーム・BBクリーム等 お得なお試し サンプル付き,4840
8,9,&be (アンドビー) UVミルク 116g SPF50 PA++++,3080
9,10,UVイデア XL プロテクショントーンアップ ローズ(30ml)【lvp】【ラ ロッシュ ポゼ】,3740
10,11,ラロッシュポゼ UVイデアXL プロテクション トーンアップ【単品・新品・正規品】定番ライト（色なし）or ローズ（ピンク色）日焼け止め|化粧下地|乳液タイプ|SPF50+/PA++++【メール便・輸送中の箱潰れ品の為 お安く販売中 新品】,3460
11,12,【メール便可】ラロッシュポゼUVイデアXLティントSPF50PA++++(日焼け止め乳液)30ml,1815
12,13,プラスリストア UVローション(日やけ止め美容液)プラスソープHQ ミニ付き【メール便】【日焼け止め・ウォータープルーフ】[ フラーレン配合 / 保湿成分配合 / 無香料 / 無着色 / 無添加 / PLUSRESTORE ]【おすすめ】,3080
13,14,【メール便可】アネッサパーフェクトUVスキンケアミルクA（日やけ止め用乳液）SPF50+PA++++ 90ml【2020年版】,2574
14,15,【公式】UV下地 キット / 202102 / 30ml / UV エクスペール / 化粧下地 / UVケア / ランコム lancome 正規品,6380
15,16,送料無料　定形外郵便発送　RMK アールエムケー UVフェイスプロテクター50 SPF50+/PA++++ 50g　[ 日焼け止め(顔用) ] 50ml,2470
16,17,SK-2 / SK-II(エスケーツー) アトモスフィア CC クリーム｜正規品 送料無料 sk2 ピテラ マックスファクター 日焼け止め 顔 ccクリーム 化粧下地 ベース ギフト 女性 妻 彼女 skii 公式 日焼けどめ 30g uv ケア 紫外線対策 スキンケア エスケーツー コスメ プレゼント,9350
17,18,ALLIE(アリィー)　エクストラUV　ジェル　【90g】(カネボウ)【数量限定特価/期間特売】,1749
18,19,LEI PARUFY レイパルフィー プレミアムエモーショナルファンデーション 25g,6170
19,20,【送料無料】クリニーク イーブン ベター シティ ブロック ポリュテクション 40 N【CLINIQUE】（メークアップ ベース 化粧下地 ベースメイク UVケア 日焼け止め）（ギフト）,5720
20,21,【クーポン発行中】[色なし]ラロッシュポゼ UVイデアXL プロテクション トーンアップ(30ml)(色なし) [SPF50+/PA++++ ラロッシュポゼ トーンアップ 化粧下地 日焼け止め uv 送料無料 正規品 ラロッシュ]■メール便商品■正規販売店,3640
21,22,【2020NEW】ラロッシュポゼ UVイデア XL ティント　SPF50 30ml ＜ LA ROCHE-POSAY ＞ 敏感肌用*ピンクベージュ*化粧下地/SPF50・PA++++/Melt-in tinted cream,2180
22,23,RMK UVフェイスプロテクター50 SPF50+ PA++++(日焼け止め用)50g【メール便は使えません】,2222
23,24,【ラロッシュポゼ】UVイデアXL(SPF50・PA++++) 30g ※定形外送料無料※規格内,1960
24,25,&be (アンドビー) UVミルク 30g SPF50 PA++++,1980
25,26,ラロッシュポゼ UVイデア XL プロテクションBB 01/UVイデア XL ティント/UVイデア XL 30ml 選べる3種類 [LA ROCHE POSAY らろっしゅぽぜ 日焼け止め UVケア 化粧下地],2180
26,27,ラロッシュポゼ UVイデアXL ティント ターマルウォーター50g付2個購入でうれしい特典付色付きタイプ 日焼け止め しっとり乳液 化粧下地 乾燥肌 普通肌 【コンビニ受取可】,3740
27,28,[BB02]ラロッシュポゼUVイデアXL プロテクションBB 02 ナチュラル 30mL (SPF50 PA++++)[ラロッシュ uvイデア 化粧下地 日やけ止め 乳液 bb 敏感肌 02 送料無料 正規品]■メール便商品,3590
28,29,【国内正規品】SK-II SK2 アトモスフィア CC クリーム 30g (日やけ止め美容クリーム),7870
29,30,【水 / 汗 に強い】 楽天1位！ 白浮きしない 日焼け止め 敏感肌 NALC 日焼け止めジェル ひやけどめ 紫外線対策 【 ナルク ウォータープルーフ SPF50+ PA++++ 顔 ＆ からだ用 】 化粧下地 UVケア マスク焼け スポーツ アウトドア 日焼け止めクリーム,2729
